createdAt,code,codeType,attributor,userId,username,action,amount,commissionPercent,country
2026-08-07T12:11:14.062Z,ROKIT,affiliate,primary,urn:prp-user:52HYdphL36s7,SoundCentipede#9510,signup,,15.00,IN
2026-08-03T17:59:58.899Z,ROKIT,affiliate,primary,urn:prp-user:56fGyPrCCrzv,OrthodoxRooster#1109,signup,,15.00,NG
2026-07-21T16:55:35.787Z,ROKIT,affiliate,primary,urn:prp-user:fSVm5HCeJztB,CausalHookworm#5637,signup,,15.00,SN
2026-07-13T08:17:11.709Z,ADBs3Qpn,referral,primary,urn:prp-user:vXN5MrpHf1vz,SecretoDefi,purchase,110.00,15.00,ES
2026-07-04T19:10:11.438Z,ROKIT,affiliate,primary,urn:prp-user:ALCzU96T5xuk,StupidBooby#6084,signup,,15.00,MX
2026-06-28T00:43:26.786Z,ADBs3Qpn,referral,primary,urn:prp-user:bTUdoUjGKTMU,TamePrimate#1483,purchase,0.00,15.00,ES
2026-06-26T04:52:33.098Z,ROKIT,affiliate,primary,urn:prp-user:UF92cGXpRcwz,ShaggyFirefly#1507,purchase,245.00,15.00,PL
2026-06-26T04:43:34.076Z,ROKIT,affiliate,primary,urn:prp-user:UF92cGXpRcwz,ShaggyFirefly#1507,signup,,15.00,PL
2026-06-25T16:14:10.352Z,ADBs3Qpn,referral,primary,urn:prp-user:bTUdoUjGKTMU,TamePrimate#1483,purchase,275.00,15.00,ES
2026-06-25T16:11:46.031Z,ADBs3Qpn,referral,primary,urn:prp-user:bTUdoUjGKTMU,TamePrimate#1483,purchase,275.00,15.00,ES
2026-06-25T15:03:05.815Z,ADBs3Qpn,referral,primary,urn:prp-user:bTUdoUjGKTMU,TamePrimate#1483,purchase,275.00,15.00,ES
2026-06-23T09:54:03.185Z,ADBs3Qpn,referral,primary,urn:prp-user:xDr8k1KKTJxa,BasedBuilder,purchase,275.00,15.00,ES
2026-06-22T14:14:17.306Z,ADBs3Qpn,referral,primary,urn:prp-user:Yg6Fnvxn5yhR,YouthfulSalmon#8245,purchase,0.00,15.00,PH
2026-06-18T11:05:30.018Z,ADBs3Qpn,referral,primary,urn:prp-user:xDr8k1KKTJxa,BasedBuilder,purchase,110.00,15.00,ES
2026-06-15T17:34:19.796Z,ADBs3Qpn,referral,primary,urn:prp-user:Yg6Fnvxn5yhR,YouthfulSalmon#8245,purchase,0.00,15.00,PH
2026-06-15T08:38:20.135Z,ADBs3Qpn,referral,primary,urn:prp-user:8op1D98hHfjD,One,purchase,999.00,15.00,PH
2026-06-15T08:36:06.151Z,ADBs3Qpn,referral,primary,urn:prp-user:8op1D98hHfjD,One,purchase,999.00,15.00,PH
2026-06-15T00:17:17.105Z,ADBs3Qpn,referral,primary,urn:prp-user:bTUdoUjGKTMU,TamePrimate#1483,purchase,275.00,15.00,ES
2026-06-15T00:15:22.981Z,ADBs3Qpn,referral,primary,urn:prp-user:bTUdoUjGKTMU,TamePrimate#1483,purchase,275.00,15.00,ES
2026-06-12T08:56:02.625Z,ADBs3Qpn,referral,primary,urn:prp-user:xDr8k1KKTJxa,BasedBuilder,purchase,275.00,15.00,ES
2026-06-11T12:03:06.355Z,ADBs3Qpn,referral,primary,urn:prp-user:LAMQ6e52TmtA,BreezyPlatypus#6305,purchase,0.00,15.00,AR
2026-06-10T20:30:28.242Z,ADBs3Qpn,referral,primary,urn:prp-user:xDr8k1KKTJxa,BasedBuilder,purchase,396.00,15.00,ES
2026-06-10T08:47:02.572Z,ADBs3Qpn,referral,primary,urn:prp-user:xDr8k1KKTJxa,BasedBuilder,purchase,396.00,15.00,ES
2026-06-10T07:37:33.291Z,ADBs3Qpn,referral,primary,urn:prp-user:xDr8k1KKTJxa,BasedBuilder,purchase,396.00,15.00,ES
2026-06-09T12:41:33.936Z,ADBs3Qpn,referral,primary,urn:prp-user:uNDxuSFWoU8x,PleasedTuna#6570,purchase,0.00,15.00,ES
2026-06-08T19:27:13.749Z,ADBs3Qpn,referral,primary,urn:prp-user:uNDxuSFWoU8x,PleasedTuna#6570,purchase,0.00,15.00,ES
2026-06-06T17:29:36.488Z,ADBs3Qpn,referral,primary,urn:prp-user:bTUdoUjGKTMU,TamePrimate#1483,purchase,0.00,15.00,ES
2026-06-06T08:14:31.336Z,ADBs3Qpn,referral,primary,urn:prp-user:xDr8k1KKTJxa,BasedBuilder,purchase,275.00,15.00,ES
2026-06-04T13:32:11.470Z,ADBs3Qpn,referral,primary,urn:prp-user:xDr8k1KKTJxa,BasedBuilder,purchase,0.00,15.00,ES
2026-06-04T12:13:30.712Z,ADBs3Qpn,referral,primary,urn:prp-user:xDr8k1KKTJxa,BasedBuilder,purchase,0.00,15.00,ES
2026-06-04T10:28:14.699Z,ADBs3Qpn,referral,primary,urn:prp-user:bTUdoUjGKTMU,TamePrimate#1483,purchase,275.00,15.00,ES
2026-06-04T10:26:51.136Z,ADBs3Qpn,referral,primary,urn:prp-user:bTUdoUjGKTMU,TamePrimate#1483,purchase,495.00,15.00,ES
2026-06-04T01:45:15.096Z,ADBs3Qpn,referral,primary,urn:prp-user:bTUdoUjGKTMU,TamePrimate#1483,purchase,0.00,15.00,ES
2026-06-03T13:39:14.446Z,ADBs3Qpn,referral,primary,urn:prp-user:cigWVVppABYC,OutstandingHorse#6582,purchase,60.00,15.00,ES
2026-06-02T15:05:36.611Z,ADBs3Qpn,referral,primary,urn:prp-user:xDr8k1KKTJxa,BasedBuilder,purchase,0.00,15.00,ES
2026-06-02T10:08:20.771Z,ADBs3Qpn,referral,primary,urn:prp-user:ojC1KJdjCKde,tomibaa,purchase,110.00,15.00,AR
2026-06-02T09:47:35.280Z,ADBs3Qpn,referral,primary,urn:prp-user:xDr8k1KKTJxa,BasedBuilder,purchase,275.00,15.00,ES
2026-06-02T09:01:20.752Z,ADBs3Qpn,referral,primary,urn:prp-user:xDr8k1KKTJxa,BasedBuilder,purchase,420.75,15.00,ES
2026-06-01T19:48:11.547Z,ADBs3Qpn,referral,primary,urn:prp-user:xDr8k1KKTJxa,BasedBuilder,purchase,233.75,15.00,ES
2026-06-01T19:46:14.731Z,ADBs3Qpn,referral,primary,urn:prp-user:xDr8k1KKTJxa,BasedBuilder,purchase,233.75,15.00,ES
2026-05-31T23:09:01.863Z,ROKIT,affiliate,primary,urn:prp-user:ckbQHAw96WeG,TeenagePelican#3109,signup,,15.00,NG
2026-05-31T22:59:40.987Z,ROKIT,affiliate,primary,urn:prp-user:pBt1KC7PCe2i,CivicKoala#5673,purchase,0.00,15.00,CH
2026-05-31T22:58:59.033Z,ROKIT,affiliate,primary,urn:prp-user:pBt1KC7PCe2i,CivicKoala#5673,signup,,15.00,CH
2026-05-30T15:23:18.541Z,ADBs3Qpn,referral,primary,urn:prp-user:vXN5MrpHf1vz,SecretoDefi,purchase,60.00,15.00,ES
2026-05-30T09:15:33.241Z,ADBs3Qpn,referral,primary,urn:prp-user:ojC1KJdjCKde,tomibaa,purchase,60.00,15.00,AR
2026-05-29T19:22:18.966Z,ADBs3Qpn,referral,primary,urn:prp-user:xDr8k1KKTJxa,BasedBuilder,purchase,420.75,15.00,ES
2026-05-29T18:25:22.143Z,ADBs3Qpn,referral,primary,urn:prp-user:xDr8k1KKTJxa,BasedBuilder,purchase,0.00,15.00,ES
2026-05-29T18:23:52.465Z,ADBs3Qpn,referral,primary,urn:prp-user:xDr8k1KKTJxa,BasedBuilder,purchase,495.00,15.00,ES
2026-05-28T13:39:37.143Z,ROKIT,affiliate,primary,urn:prp-user:Q6wt52oH54cM,IrrelevantVicuna#9784,signup,,15.00,RS
2026-05-28T12:05:10.062Z,ADBs3Qpn,referral,primary,urn:prp-user:bTUdoUjGKTMU,TamePrimate#1483,purchase,275.00,15.00,ES
2026-05-28T12:01:42.204Z,ADBs3Qpn,referral,primary,urn:prp-user:bTUdoUjGKTMU,TamePrimate#1483,purchase,275.00,15.00,ES
2026-05-28T11:59:11.143Z,ADBs3Qpn,referral,primary,urn:prp-user:bTUdoUjGKTMU,TamePrimate#1483,purchase,275.00,15.00,ES
2026-05-28T11:55:51.365Z,ADBs3Qpn,referral,primary,urn:prp-user:bTUdoUjGKTMU,TamePrimate#1483,purchase,275.00,15.00,ES
2026-05-26T11:58:47.421Z,ROKIT,affiliate,primary,urn:prp-user:Z2e45zmypv2n,TOTHEHELL,purchase,60.00,15.00,ES
2026-05-22T21:31:23.361Z,ADBs3Qpn,referral,primary,urn:prp-user:8op1D98hHfjD,One,purchase,0.00,15.00,PH
2026-05-22T20:30:06.406Z,ADBs3Qpn,referral,primary,urn:prp-user:8op1D98hHfjD,One,signup,,15.00,PH
2026-05-21T10:37:49.454Z,ROKIT,affiliate,primary,urn:prp-user:Z2e45zmypv2n,TOTHEHELL,purchase,93.50,15.00,ES
2026-05-21T07:51:41.621Z,ADBs3Qpn,referral,primary,urn:prp-user:YhNuBRS75CtF,UnchangedArmadillo#7179,purchase,0.00,15.00,IN
2026-05-20T22:42:11.606Z,ADBs3Qpn,referral,primary,urn:prp-user:LAMQ6e52TmtA,BreezyPlatypus#6305,signup,,15.00,AR
2026-05-20T14:12:47.112Z,ROKIT,affiliate,primary,urn:prp-user:Z2e45zmypv2n,TOTHEHELL,purchase,51.00,15.00,ES
2026-05-20T12:17:38.620Z,ROKIT,affiliate,primary,urn:prp-user:Z2e45zmypv2n,TOTHEHELL,signup,,15.00,ES
2026-05-20T00:45:50.570Z,ADBs3Qpn,referral,primary,urn:prp-user:i4U8ehhRTFGm,TragicChipmunk#1492,purchase,0.00,15.00,SG
2026-05-20T00:44:48.548Z,ADBs3Qpn,referral,primary,urn:prp-user:i4U8ehhRTFGm,TragicChipmunk#1492,purchase,0.00,15.00,SG
2026-05-19T23:54:41.954Z,ADBs3Qpn,referral,primary,urn:prp-user:i4U8ehhRTFGm,TragicChipmunk#1492,signup,,15.00,SG
2026-05-19T05:59:51.854Z,ROKIT,affiliate,primary,urn:prp-user:rJRwC6EMt4zX,RegularCentipede#4108,purchase,0.00,15.00,CA
2026-05-19T05:59:00.059Z,ROKIT,affiliate,primary,urn:prp-user:rJRwC6EMt4zX,RegularCentipede#4108,signup,,15.00,CA
2026-05-18T18:58:00.007Z,ROKIT,affiliate,primary,urn:prp-user:JuZJGQhpk4uu,RetailZebra#4891,purchase,0.00,15.00,CZ
2026-05-18T18:53:19.261Z,ROKIT,affiliate,primary,urn:prp-user:JuZJGQhpk4uu,RetailZebra#4891,signup,,15.00,CZ
2026-05-17T18:37:01.848Z,ROKIT,affiliate,primary,urn:prp-user:yF7skpFh2UTw,WonderfulCrane#1297,purchase,0.00,15.00,ES
2026-05-17T18:36:25.832Z,ROKIT,affiliate,primary,urn:prp-user:yF7skpFh2UTw,WonderfulCrane#1297,signup,,15.00,ES
2026-05-16T18:34:29.000Z,ADBs3Qpn,referral,primary,urn:prp-user:xDr8k1KKTJxa,BasedBuilder,purchase,60.00,15.00,ES
2026-05-15T15:51:06.504Z,ADBs3Qpn,referral,primary,urn:prp-user:bTUdoUjGKTMU,TamePrimate#1483,purchase,275.00,15.00,ES
2026-05-15T13:40:24.376Z,ADBs3Qpn,referral,primary,urn:prp-user:bTUdoUjGKTMU,TamePrimate#1483,purchase,275.00,15.00,ES
2026-05-15T08:25:17.073Z,ROKIT,affiliate,primary,urn:prp-user:8jQqtUbEzbmS,frejoshi,signup,,15.00,ES
2026-05-14T22:35:55.076Z,ROKIT,affiliate,primary,urn:prp-user:xhxtu8KkAEwt,ZygoticMarmoset#4956,signup,,15.00,MX
2026-05-14T13:28:23.104Z,ROKIT,affiliate,primary,urn:prp-user:9BGBAka4Ce45,RandomLemur#3422,signup,,15.00,ES
2026-05-14T07:42:07.553Z,ADBs3Qpn,referral,primary,urn:prp-user:xDr8k1KKTJxa,BasedBuilder,purchase,275.00,15.00,ES
2026-05-13T18:59:01.593Z,ADBs3Qpn,referral,primary,urn:prp-user:bTUdoUjGKTMU,TamePrimate#1483,purchase,495.00,15.00,ES
2026-05-13T18:56:57.614Z,ADBs3Qpn,referral,primary,urn:prp-user:bTUdoUjGKTMU,TamePrimate#1483,purchase,275.00,15.00,ES
2026-05-13T18:54:42.511Z,ADBs3Qpn,referral,primary,urn:prp-user:bTUdoUjGKTMU,TamePrimate#1483,purchase,275.00,15.00,ES
2026-05-13T18:53:05.140Z,ADBs3Qpn,referral,primary,urn:prp-user:bTUdoUjGKTMU,TamePrimate#1483,purchase,275.00,15.00,ES
2026-05-13T18:51:18.251Z,ADBs3Qpn,referral,primary,urn:prp-user:bTUdoUjGKTMU,TamePrimate#1483,purchase,275.00,15.00,ES
2026-05-13T16:30:30.979Z,ADBs3Qpn,referral,primary,urn:prp-user:bTUdoUjGKTMU,TamePrimate#1483,purchase,60.00,15.00,ES
2026-05-13T07:34:03.651Z,ADBs3Qpn,referral,primary,urn:prp-user:jmJddC8b4MrE,ValuableXerinae#9457,purchase,60.00,15.00,ES
2026-05-12T19:49:59.721Z,ADBs3Qpn,referral,primary,urn:prp-user:M8vpbyVHxxcF,ApparentMoth#6789,purchase,110.00,15.00,MX
2026-05-12T17:15:23.559Z,ROKIT,affiliate,primary,urn:prp-user:iMv5d9Gkkxws,SymbolicEel#4858,signup,,15.00,ES
2026-05-12T05:31:13.270Z,ADBs3Qpn,referral,primary,urn:prp-user:M8vpbyVHxxcF,ApparentMoth#6789,purchase,60.00,15.00,MX
2026-05-11T21:58:32.199Z,ADBs3Qpn,referral,primary,urn:prp-user:jmJddC8b4MrE,ValuableXerinae#9457,signup,,15.00,ES
2026-05-11T16:41:51.653Z,ADBs3Qpn,referral,primary,urn:prp-user:cigWVVppABYC,OutstandingHorse#6582,purchase,495.00,15.00,ES
2026-05-11T12:34:56.431Z,ADBs3Qpn,referral,primary,urn:prp-user:6ipnsAeqDwy9,NavalGoldfish#5574,purchase,0.00,15.00,SG
2026-05-11T12:34:31.761Z,ADBs3Qpn,referral,primary,urn:prp-user:6ipnsAeqDwy9,NavalGoldfish#5574,signup,,15.00,SG
2026-05-09T14:49:36.891Z,ADBs3Qpn,referral,primary,urn:prp-user:xDr8k1KKTJxa,BasedBuilder,purchase,275.00,15.00,ES
2026-05-09T14:45:38.891Z,ADBs3Qpn,referral,primary,urn:prp-user:xDr8k1KKTJxa,BasedBuilder,purchase,275.00,15.00,ES
2026-05-09T01:11:25.744Z,ADBs3Qpn,referral,primary,urn:prp-user:TWpMmTYpjTBL,StillGopher#1220,signup,,15.00,AR
2026-05-08T21:27:20.445Z,ADBs3Qpn,referral,primary,urn:prp-user:GR1wmbxBH1Fq,HiddenParrot#1287,signup,,15.00,VE
2026-05-08T17:22:42.281Z,ADBs3Qpn,referral,primary,urn:prp-user:qFYXHPsQ1QcB,PleasantVulture#1431,purchase,110.00,15.00,CH
2026-05-08T17:13:41.739Z,ADBs3Qpn,referral,primary,urn:prp-user:qFYXHPsQ1QcB,PleasantVulture#1431,signup,,15.00,CH
2026-05-08T15:30:55.255Z,ADBs3Qpn,referral,primary,urn:prp-user:vXN5MrpHf1vz,SecretoDefi,signup,,15.00,ES
2026-05-07T15:02:51.336Z,ADBs3Qpn,referral,primary,urn:prp-user:uNDxuSFWoU8x,PleasedTuna#6570,purchase,0.00,15.00,ES
2026-05-07T15:01:45.645Z,ADBs3Qpn,referral,primary,urn:prp-user:uNDxuSFWoU8x,PleasedTuna#6570,signup,,15.00,ES
2026-05-07T04:09:05.572Z,ADBs3Qpn,referral,primary,urn:prp-user:xDr8k1KKTJxa,BasedBuilder,purchase,999.00,15.00,ES
2026-05-07T02:10:42.504Z,ADBs3Qpn,referral,primary,urn:prp-user:HtaUbSP6NjrW,FuriousBooby#7047,signup,,15.00,SG
2026-05-06T10:35:37.421Z,ADBs3Qpn,referral,primary,urn:prp-user:bTUdoUjGKTMU,TamePrimate#1483,purchase,999.00,15.00,ES
2026-05-06T10:35:14.861Z,ADBs3Qpn,referral,primary,urn:prp-user:bTUdoUjGKTMU,TamePrimate#1483,purchase,999.00,15.00,ES
2026-05-06T04:43:38.812Z,ADBs3Qpn,referral,primary,urn:prp-user:3mcG2jwrdmgz,RealWhippet#5591,signup,,15.00,SG
2026-05-05T14:10:47.456Z,ADBs3Qpn,referral,primary,urn:prp-user:S86nD9ABFmUU,VoluminousWhale#2628,signup,,15.00,RS
2026-05-05T07:07:00.876Z,ADBs3Qpn,referral,primary,urn:prp-user:ojC1KJdjCKde,tomibaa,purchase,60.00,15.00,AR
2026-05-05T05:31:33.578Z,ADBs3Qpn,referral,primary,urn:prp-user:ojC1KJdjCKde,tomibaa,signup,,15.00,AR
2026-05-04T20:36:58.442Z,ADBs3Qpn,referral,primary,urn:prp-user:SwNarChoEtvM,ThirstyCheetah#8660,signup,,15.00,HU
2026-05-04T09:26:55.590Z,ADBs3Qpn,referral,primary,urn:prp-user:nbQ8hoF2Q1NH,DigitalSalamander#8873,purchase,0.00,15.00,IN
2026-05-04T04:45:03.270Z,ADBs3Qpn,referral,primary,urn:prp-user:AcKpDpxC6ocU,ItchyPrimate#3377,purchase,0.00,15.00,IN
2026-05-03T22:20:18.110Z,ADBs3Qpn,referral,primary,urn:prp-user:M8vpbyVHxxcF,ApparentMoth#6789,purchase,50.00,15.00,MX
2026-05-03T20:47:14.198Z,ADBs3Qpn,referral,primary,urn:prp-user:nzMhxm2Hooyo,CoherentMoose#1735,purchase,0.00,15.00,NG
2026-05-03T20:46:07.373Z,ADBs3Qpn,referral,primary,urn:prp-user:nzMhxm2Hooyo,CoherentMoose#1735,signup,,15.00,NG
2026-05-03T17:55:07.780Z,ADBs3Qpn,referral,primary,urn:prp-user:CiHAsEpeXvdk,ParticularBlackbird#7261,purchase,0.00,15.00,ID
2026-05-03T17:50:23.509Z,ADBs3Qpn,referral,primary,urn:prp-user:CiHAsEpeXvdk,ParticularBlackbird#7261,signup,,15.00,ID
2026-05-03T16:32:30.820Z,ADBs3Qpn,referral,primary,urn:prp-user:gEzifhtjUBsx,UsedMouse#6426,purchase,0.00,15.00,ES
2026-05-03T16:29:32.521Z,ADBs3Qpn,referral,primary,urn:prp-user:gEzifhtjUBsx,UsedMouse#6426,signup,,15.00,ES
2026-05-03T15:58:35.605Z,ADBs3Qpn,referral,primary,urn:prp-user:AcKpDpxC6ocU,ItchyPrimate#3377,signup,,15.00,IN
2026-05-03T13:14:03.667Z,ADBs3Qpn,referral,primary,urn:prp-user:nbQ8hoF2Q1NH,DigitalSalamander#8873,signup,,15.00,IN
2026-05-03T13:07:21.412Z,ADBs3Qpn,referral,primary,urn:prp-user:6aT9Vb7zHzbj,Sistem,purchase,0.00,15.00,CM
2026-05-03T12:39:14.798Z,ADBs3Qpn,referral,primary,urn:prp-user:6aT9Vb7zHzbj,Sistem,signup,,15.00,CM
2026-05-03T00:06:12.231Z,ADBs3Qpn,referral,primary,urn:prp-user:nRssBjNCPC2s,GCR,purchase,999.00,15.00,DE
2026-05-02T23:55:56.431Z,ADBs3Qpn,referral,primary,urn:prp-user:nRssBjNCPC2s,GCR,signup,,15.00,DE
2026-05-02T21:15:21.591Z,ADBs3Qpn,referral,primary,urn:prp-user:pjHN2k12pSV5,PreliminaryRoadrunner#9448,signup,,15.00,CA
2026-05-02T18:11:47.406Z,ADBs3Qpn,referral,primary,urn:prp-user:bTUdoUjGKTMU,TamePrimate#1483,purchase,495.00,15.00,ES
2026-05-02T18:10:21.494Z,ADBs3Qpn,referral,primary,urn:prp-user:bTUdoUjGKTMU,TamePrimate#1483,purchase,495.00,15.00,ES
2026-05-02T16:35:50.985Z,ADBs3Qpn,referral,primary,urn:prp-user:xDr8k1KKTJxa,BasedBuilder,purchase,275.00,15.00,ES
2026-05-02T13:31:49.724Z,ADBs3Qpn,referral,primary,urn:prp-user:ygqaXD34rJpk,RoyalCat#6356,purchase,0.00,15.00,TH
2026-05-02T13:31:23.725Z,ADBs3Qpn,referral,primary,urn:prp-user:ygqaXD34rJpk,RoyalCat#6356,signup,,15.00,TH
2026-05-02T00:24:30.150Z,ADBs3Qpn,referral,primary,urn:prp-user:yGrTFFS6mbvW,HarshPerch#8663,purchase,0.00,15.00,US
2026-05-02T00:24:00.034Z,ADBs3Qpn,referral,primary,urn:prp-user:yGrTFFS6mbvW,HarshPerch#8663,signup,,15.00,US
2026-05-01T09:16:05.668Z,ADBs3Qpn,referral,primary,urn:prp-user:YhNuBRS75CtF,UnchangedArmadillo#7179,purchase,0.00,15.00,IN
2026-05-01T09:15:40.858Z,ADBs3Qpn,referral,primary,urn:prp-user:YhNuBRS75CtF,UnchangedArmadillo#7179,signup,,15.00,IN
2026-05-01T01:28:07.448Z,ADBs3Qpn,referral,primary,urn:prp-user:xDr8k1KKTJxa,BasedBuilder,purchase,495.00,15.00,ES
2026-04-30T10:46:48.194Z,ADBs3Qpn,referral,primary,urn:prp-user:1W6y3wXKGFii,ReasonableFerret#6369,signup,,15.00,IN
2026-04-30T01:59:32.398Z,ADBs3Qpn,referral,primary,urn:prp-user:VzYPQrwVaayd,ChosenPig#5520,signup,,15.00,US
2026-04-29T00:37:25.529Z,ADBs3Qpn,referral,primary,urn:prp-user:xDr8k1KKTJxa,BasedBuilder,purchase,275.00,15.00,ES
2026-04-29T00:35:43.112Z,ADBs3Qpn,referral,primary,urn:prp-user:xDr8k1KKTJxa,BasedBuilder,purchase,275.00,15.00,ES
2026-04-29T00:34:24.547Z,ADBs3Qpn,referral,primary,urn:prp-user:xDr8k1KKTJxa,BasedBuilder,purchase,275.00,15.00,ES
2026-04-28T08:07:14.521Z,ADBs3Qpn,referral,primary,urn:prp-user:Yg6Fnvxn5yhR,YouthfulSalmon#8245,signup,,15.00,PH
2026-04-27T22:50:18.376Z,ADBs3Qpn,referral,primary,urn:prp-user:M8vpbyVHxxcF,ApparentMoth#6789,purchase,0.00,15.00,MX
2026-04-27T22:48:44.261Z,ADBs3Qpn,referral,primary,urn:prp-user:M8vpbyVHxxcF,ApparentMoth#6789,signup,,15.00,MX
2026-04-26T19:31:30.409Z,ADBs3Qpn,referral,primary,urn:prp-user:xDr8k1KKTJxa,BasedBuilder,purchase,495.00,15.00,ES
2026-04-25T21:07:06.407Z,ADBs3Qpn,referral,primary,urn:prp-user:xDr8k1KKTJxa,BasedBuilder,purchase,275.00,15.00,ES
2026-04-25T04:40:18.746Z,ADBs3Qpn,referral,primary,urn:prp-user:xDr8k1KKTJxa,BasedBuilder,purchase,275.00,15.00,ES
2026-04-25T03:15:14.708Z,ADBs3Qpn,referral,primary,urn:prp-user:xDr8k1KKTJxa,BasedBuilder,purchase,275.00,15.00,ES
2026-04-25T03:00:46.909Z,ADBs3Qpn,referral,primary,urn:prp-user:xDr8k1KKTJxa,BasedBuilder,purchase,275.00,15.00,ES
2026-04-25T02:07:16.716Z,ADBs3Qpn,referral,primary,urn:prp-user:S9Zu5p4NTuV8,GracefulAlligator#1915,purchase,0.00,15.00,GB
2026-04-24T20:32:34.863Z,ADBs3Qpn,referral,primary,urn:prp-user:S9Zu5p4NTuV8,GracefulAlligator#1915,signup,,15.00,GB
2026-04-24T15:29:17.819Z,ADBs3Qpn,referral,primary,urn:prp-user:cigWVVppABYC,OutstandingHorse#6582,purchase,275.00,15.00,ES
2026-04-22T11:17:59.748Z,ADBs3Qpn,referral,primary,urn:prp-user:bTUdoUjGKTMU,TamePrimate#1483,signup,,15.00,ES
2026-04-21T19:44:54.745Z,ADBs3Qpn,referral,primary,urn:prp-user:xDr8k1KKTJxa,BasedBuilder,purchase,247.50,15.00,ES
2026-04-21T18:08:10.837Z,ADBs3Qpn,referral,primary,urn:prp-user:xDr8k1KKTJxa,BasedBuilder,purchase,247.50,15.00,ES
2026-04-20T19:46:23.925Z,ADBs3Qpn,referral,primary,urn:prp-user:xb6sNcYTusXc,UnlikelyWeasel#8634,signup,,15.00,ES
2026-04-16T23:59:43.414Z,ADBs3Qpn,referral,primary,urn:prp-user:xDr8k1KKTJxa,BasedBuilder,purchase,0.00,15.00,ES
2026-04-16T23:58:06.198Z,ADBs3Qpn,referral,primary,urn:prp-user:xDr8k1KKTJxa,BasedBuilder,signup,,15.00,ES
2026-04-16T18:24:21.858Z,ADBs3Qpn,referral,primary,urn:prp-user:cigWVVppABYC,OutstandingHorse#6582,purchase,0.00,15.00,ES
2026-04-16T18:23:22.516Z,ADBs3Qpn,referral,primary,urn:prp-user:cigWVVppABYC,OutstandingHorse#6582,signup,,15.00,ES
2026-04-16T17:51:30.189Z,ADBs3Qpn,referral,primary,urn:prp-user:sFJkLEEprrsg,SufficientAsp#2950,signup,,15.00,ES
2026-04-16T11:49:40.264Z,ADBs3Qpn,referral,primary,urn:prp-user:b6Uj47mY5VFU,UnwillingHookworm#5455,purchase,0.00,15.00,IN
2026-04-16T11:48:38.173Z,ADBs3Qpn,referral,primary,urn:prp-user:b6Uj47mY5VFU,UnwillingHookworm#5455,signup,,15.00,IN
2026-04-16T05:53:28.933Z,ADBs3Qpn,referral,primary,urn:prp-user:y8sw58XsPhmW,YappyHyena#6527,purchase,0.00,15.00,MY
2026-04-16T05:52:42.634Z,ADBs3Qpn,referral,primary,urn:prp-user:y8sw58XsPhmW,YappyHyena#6527,signup,,15.00,MY